{"loss": [29.0412654876709, 6.7114973068237305, 6.823485851287842, 6.775575637817383, 6.757827281951904, 6.757729530334473, 6.49293327331543, 6.5490498542785645, 6.645532131195068, 6.254843711853027, 6.168750762939453, 6.1728057861328125, 6.179482936859131, 5.899490833282471, 6.104434490203857, 5.905309677124023, 5.638072967529297, 5.760007381439209, 5.674210071563721, 5.410059452056885, 5.303393363952637, 5.167174339294434, 5.826020240783691, 5.485069751739502, 5.320005893707275, 5.140356063842773, 5.060639381408691, 5.15553617477417, 4.979962348937988, 4.992661476135254, 5.177549362182617, 4.992834091186523, 4.971423149108887, 4.981827735900879, 4.884988784790039, 4.816102504730225, 5.098006725311279, 4.916326999664307, 4.787590980529785, 4.829626083374023, 4.741847515106201, 4.763490200042725, 4.69820499420166, 4.809188365936279, 4.722718238830566, 4.8847270011901855, 4.740476131439209, 4.678142547607422, 4.690908908843994, 4.639856338500977, 4.666545867919922, 4.6563520431518555, 4.71295166015625, 4.517185688018799, 4.62700080871582, 4.575539588928223, 4.559353828430176, 4.942985534667969, 4.6536149978637695, 4.67998743057251], "accuracy": [0.7588282227516174, 0.7881219983100891, 0.8238362669944763, 0.8567415475845337, 0.8731942176818848, 0.8880417346954346, 0.9016854166984558, 0.8984751105308533, 0.9012840986251831, 0.9201444387435913, 0.9285714030265808, 0.9233547449111938, 0.9321829676628113, 0.9390048384666443, 0.9382022619247437, 0.9434189200401306, 0.9486356377601624, 0.944622814655304, 0.9526484608650208, 0.9674959778785706, 0.9674959778785706, 0.971107542514801, 0.9510433673858643, 0.9554574489593506, 0.9598715901374817, 0.9686998128890991, 0.9735152721405029, 0.9638844132423401, 0.9735152721405029, 0.9695023894309998, 0.9682985544204712, 0.9747191071510315, 0.9755216836929321, 0.9691011309623718, 0.9759229421615601, 0.9755216836929321, 0.9650883078575134, 0.971508800983429, 0.9743177890777588, 0.9719101190567017, 0.9759229421615601, 0.9735152721405029, 0.9767255187034607, 0.9751203656196594, 0.9719101190567017, 0.9658908247947693, 0.9755216836929321, 0.9759229421615601, 0.9743177890777588, 0.9775280952453613, 0.9747191071510315, 0.9755216836929321, 0.9727126955986023, 0.9779293537139893, 0.9719101190567017, 0.9767255187034607, 0.9775280952453613, 0.9670947194099426, 0.9735152721405029, 0.9695023894309998], "val_loss": [6.911343574523926, 6.734401702880859, 7.0497307777404785, 7.393219947814941, 7.050226211547852, 6.582525730133057, 6.707423686981201, 7.300922393798828, 7.176871299743652, 7.7674078941345215, 6.571954727172852, 6.58025598526001, 6.872413635253906, 6.411962985992432, 6.40037202835083, 6.811575889587402, 5.963527202606201, 6.2227864265441895, 6.147762775421143, 5.781527519226074, 5.6784348487854, 6.193298816680908, 5.9945526123046875, 5.701056003570557, 6.088866233825684, 5.380527019500732, 5.385945796966553, 5.2850542068481445, 5.0591888427734375, 5.875900745391846, 5.233120441436768, 5.398993015289307, 5.206363677978516, 5.1629133224487305, 4.914980888366699, 5.168206691741943, 5.035839080810547, 5.02984094619751, 5.163603782653809, 5.263641357421875, 4.7778143882751465, 4.917347431182861, 5.094592571258545, 4.773592472076416, 4.922820568084717, 5.0943498611450195, 5.3563618659973145, 5.079920768737793, 4.743634223937988, 4.837528228759766, 4.772242069244385, 5.022061824798584, 4.730007648468018, 4.6666259765625, 4.933272838592529, 4.728100299835205, 4.893777847290039, 4.715848922729492, 4.775576591491699, 4.81247091293335], "val_accuracy": [0.7142857313156128, 0.7255216836929321, 0.7191011309623718, 0.7255216836929321, 0.8218298554420471, 0.8202247023582458, 0.7977527976036072, 0.8202247023582458, 0.7833065986633301, 0.7383627891540527, 0.8555377125740051, 0.8796147704124451, 0.8860353231430054, 0.8796147704124451, 0.8683788180351257, 0.7303370833396912, 0.8715890645980835, 0.8924558758735657, 0.9020866751670837, 0.9213483333587646, 0.9117174744606018, 0.8378812074661255, 0.8715890645980835, 0.8683788180351257, 0.8603531122207642, 0.8683788180351257, 0.908507227897644, 0.9165329337120056, 0.9069020748138428, 0.9020866751670837, 0.9069020748138428, 0.8908507227897644, 0.8956661224365234, 0.9020866751670837, 0.9213483333587646, 0.8828250169754028, 0.9020866751670837, 0.9229534268379211, 0.8972712755203247, 0.898876428604126, 0.9293739795684814, 0.9229534268379211, 0.9165329337120056, 0.9229534268379211, 0.9229534268379211, 0.9004815220832825, 0.8876404762268066, 0.9245585799217224, 0.9341893792152405, 0.9197431802749634, 0.908507227897644, 0.9165329337120056, 0.9229534268379211, 0.9213483333587646, 0.9149277806282043, 0.9213483333587646, 0.9165329337120056, 0.927768886089325, 0.908507227897644, 0.9245585799217224]}