{"loss": [72.4759521484375, 6.9139299392700195, 7.019320487976074, 7.094770431518555, 7.240997314453125, 7.325473785400391, 7.95781946182251, 7.303284168243408, 7.519358158111572, 7.082153797149658, 6.782346248626709, 6.977048873901367, 7.493047714233398, 6.2920026779174805, 7.765956878662109, 5.9561567306518555, 7.129023551940918, 6.508362293243408, 7.636181831359863, 5.526971817016602, 6.200516700744629, 5.608414649963379, 6.676421642303467, 6.190673828125, 6.144891738891602, 5.843405723571777, 5.781320095062256, 6.497707843780518, 6.476879119873047, 5.456698894500732, 4.8522539138793945, 5.943741798400879, 6.230485439300537, 6.7525954246521, 5.376701354980469, 5.005012035369873, 5.8699846267700195, 5.131370544433594, 6.627952575683594, 5.122341632843018, 4.60382080078125, 4.876832962036133, 5.129096031188965, 4.911049842834473, 5.133733749389648, 5.428557395935059, 4.781686782836914, 4.488773822784424, 4.835788249969482, 4.836516380310059, 4.623165130615234, 4.9957733154296875, 5.3215651512146, 4.85971212387085, 4.930323123931885, 5.10222864151001, 5.207302093505859, 5.100460529327393, 5.288134574890137, 5.380757808685303], "accuracy": [0.666784942150116, 0.692689836025238, 0.7427253127098083, 0.8062455654144287, 0.8300212621688843, 0.8566359281539917, 0.8623136878013611, 0.8839602470397949, 0.8878637552261353, 0.8963804244995117, 0.8967352509498596, 0.9063165187835693, 0.9063165187835693, 0.9116394519805908, 0.9080908298492432, 0.9339957237243652, 0.9112846255302429, 0.9222853183746338, 0.9112846255302429, 0.9254790544509888, 0.9272533655166626, 0.9364797472953796, 0.9166074991226196, 0.9240596294403076, 0.9190915822982788, 0.9304471015930176, 0.9247693419456482, 0.9194464087486267, 0.9254790544509888, 0.9378992319107056, 0.9467707872390747, 0.9378992319107056, 0.9311568737030029, 0.9237047433853149, 0.9389638304710388, 0.9499645233154297, 0.9272533655166626, 0.9474804997444153, 0.9180269837379456, 0.949609637260437, 0.9535131454467773, 0.9499645233154297, 0.9467707872390747, 0.9478353261947632, 0.9481902122497559, 0.9442867040634155, 0.9492548108100891, 0.9556422829627991, 0.9513839483261108, 0.9524485468864441, 0.9559971690177917, 0.9453513026237488, 0.9318665862083435, 0.9488999247550964, 0.9428672790527344, 0.9481902122497559, 0.9325762987136841, 0.9410929679870605, 0.9400283694267273, 0.9428672790527344], "val_loss": [7.592495918273926, 8.040436744689941, 8.357346534729004, 8.64760971069336, 8.669645309448242, 9.938231468200684, 9.260723114013672, 9.52309513092041, 8.842672348022461, 8.285181045532227, 8.448254585266113, 9.389657020568848, 6.931909084320068, 9.031401634216309, 8.561450958251953, 8.812841415405273, 8.62193775177002, 10.385191917419434, 5.945756912231445, 7.490023612976074, 6.393402099609375, 7.571227550506592, 7.175602436065674, 7.4658522605896, 6.7384352684021, 6.774837017059326, 7.453233242034912, 7.407093524932861, 6.205065727233887, 5.1521077156066895, 6.322816371917725, 7.1813883781433105, 7.762110710144043, 5.988650798797607, 5.908389568328857, 6.619388103485107, 5.807857990264893, 6.996942520141602, 5.762864589691162, 5.083312511444092, 5.497380256652832, 5.753341197967529, 5.413161277770996, 5.588281631469727, 5.812318801879883, 5.136550426483154, 4.819415092468262, 5.27845573425293, 5.130065441131592, 4.800729751586914, 5.34993839263916, 5.388887405395508, 5.216690540313721, 5.388782978057861, 5.420114517211914, 5.370617389678955, 5.37082576751709, 5.670599937438965, 5.788197040557861, 5.608025074005127], "val_accuracy": [0.5752840638160706, 0.453125, 0.6860795617103577, 0.6619318127632141, 0.7514204382896423, 0.6292613744735718, 0.7670454382896423, 0.734375, 0.7286931872367859, 0.7556818127632141, 0.8153409361839294, 0.7002840638160706, 0.8508522510528564, 0.8409090638160706, 0.6448863744735718, 0.78125, 0.7727272510528564, 0.7116477489471436, 0.8963068127632141, 0.8181818127632141, 0.8650568127632141, 0.84375, 0.8366477489471436, 0.8394886255264282, 0.8934659361839294, 0.8338068127632141, 0.8082386255264282, 0.8380681872367859, 0.8735795617103577, 0.921875, 0.8821022510528564, 0.8565340638160706, 0.8423295617103577, 0.90625, 0.8196022510528564, 0.8238636255264282, 0.8963068127632141, 0.8920454382896423, 0.8835227489471436, 0.8991477489471436, 0.8863636255264282, 0.8934659361839294, 0.8877840638160706, 0.9005681872367859, 0.9161931872367859, 0.9034090638160706, 0.8934659361839294, 0.8849431872367859, 0.9147727489471436, 0.9232954382896423, 0.8877840638160706, 0.8963068127632141, 0.9019886255264282, 0.8181818127632141, 0.8934659361839294, 0.8991477489471436, 0.890625, 0.8579545617103577, 0.8636363744735718, 0.875]}